velocidad_corriente,fuerza_hidrodinamica,solidez_red,diametro_hilo,angulo_entrada
0.8116262258099887,100.71513513092363,0.1785117051207718,3.527163473940041,90
1.9063571821788408,275.5314642153955,0.17409363972159997,4.085066287361176,40
1.4907884894416696,437.74345957944007,0.37187637415631103,1.6271055445662455,40
1.2374511199743696,368.790194340685,0.17486385995485185,3.3119334482314953,60
0.39643541684062933,405.21496245211034,0.18158491783858932,3.072856924146869,30
0.39638958863878504,332.8038496882515,0.3278194787253892,4.2477366955472196,30
0.21035886311957896,349.2155166137477,0.23492195273516203,4.577391772165672,80
1.745734676972377,426.1058692670064,0.3330131670865544,0.5547054716482407,50
1.2421185223120967,132.3373243410011,0.11960984726931559,3.533089635764567,30
1.4453378978124864,249.81823218513884,0.2462713581020153,0.7332610960387806,10
0.13911053916202465,118.39262649160509,0.1100840800549848,2.9698639928481017,50
1.9428287191077893,493.957323918357,0.11879596103660636,1.794347280696552,10
1.6816410175208014,472.5890764464405,0.37193123600332334,1.8804946978496355,40
0.5034443102887247,29.31913757056789,0.14177361133527855,2.0883132655356045,50
0.4454674376934912,355.73183453268734,0.25972620468256513,3.2958160207232456,30
0.4484685687215243,463.37167553367624,0.223328680780212,2.0032248455094614,20
0.6780602616231216,98.48191911239343,0.20420299787765284,3.797145727656262,60
1.097037220101252,288.29316297078844,0.3699500037061818,2.3203732350824136,10
0.9206955354200199,458.5892658181405,0.10654701903264685,0.8075894013948137,50
0.6533353663762795,26.633529507041434,0.29913690585267677,4.026919291178483,30
1.262520499972521,351.73593095095157,0.3890183302640652,1.785912460667177,50
0.3650383352388795,155.70101361254987,0.2680504550385526,2.447450958196682,30
0.6550748322169144,462.9541357344999,0.38104673860992755,3.5844974744985567,30
0.7960875022580142,485.8185401310302,0.11567736378580713,1.996052707169204,30
0.9665329700123682,472.6905796655826,0.22563799572224844,0.7546354526602204,80
1.5918343266467259,242.36496616215726,0.17804733728861538,2.182644711557661,60
0.4793801861008835,432.40089898476356,0.31924628949421896,4.750018622124365,20
1.077045432985862,423.8292052821845,0.39438912714917407,3.387804787843512,20
1.2255876808378807,166.35923188919526,0.17695901873327435,3.5216561690024313,50
0.18825578416799568,416.1685823338319,0.29625238044222235,3.345269691369379,50
1.254335218612733,28.133741010591386,0.15942928982792204,1.3954646253174656,30
0.4239958350058539,302.172240456206,0.269599076371483,2.3825023884602605,80
0.22359802667203107,122.7043302709745,0.23917974600650088,3.879229092634932,30
1.9028825207813331,69.0777740308666,0.3916015988894612,0.9561780389892162,80
1.9347008628416629,47.707068798312484,0.28255818180894,1.7503374924037052,30
1.6359549614212763,351.1815001802885,0.20485191162604566,1.7434359880963413,10
0.6787661614294043,176.5387322463524,0.13422873546638003,2.444085174175277,10
0.2855770166121293,365.1357180490931,0.14537404862048037,4.9116593342398325,40
1.400042750373098,42.02460699148176,0.16759507898537054,0.8037614600771987,30
0.9362897381052424,164.49226553699907,0.17528999840208942,2.8341544747126775,60
0.3318726462050797,274.35073326391523,0.3551848173523414,1.307141069054947,40
1.0408361292114134,397.45435077109215,0.2683668364847575,4.868044454343849,50
0.16533819011891496,166.18872643671426,0.25701727341230995,1.009865771273589,90
1.8277087639496858,316.6867744541345,0.13443066156076525,2.3162045106271605,30
0.5916819650400321,444.1290966357317,0.3580419080048305,3.8204824317557278,10
1.3587923402725657,311.77296220932925,0.3168442909625452,3.670494926123504,90
0.6922510445698807,124.15014262928055,0.12030050857000049,2.4022788660226952,80
1.0881292402378406,21.95638296270363,0.31235052916893064,2.059358755787232,90
1.1387495307522313,436.34844821145566,0.26306146520279383,2.2892557034879175,60
0.45122346549850134,20.422011316689698,0.12451760372403349,1.6892431842138769,30
1.9422107927526613,438.6038196152577,0.23749019245859695,1.423998224180599,20
1.5727523643861177,269.1791956733339,0.24540888613901413,2.673678639015005,90
1.8850479889719594,470.14317227131914,0.14973236204898274,1.708401902304233,20
1.8001719658125328,401.40378552909607,0.3837094441000848,1.7935774920376255,80
1.2360099597410619,498.98771416133536,0.3549926114441986,3.4554022856355067,40
1.851561046543922,181.848789571338,0.30070670119873255,4.858417992649515,20
0.2681357538986471,385.9222615762522,0.23868866830018218,3.216367402517188,40
0.47236743859637587,206.94614766852865,0.22352966247535258,0.8464076017923483,10
0.18593184893002235,245.13905394891535,0.2952920401452863,0.8401262623433015,30
0.7181276284502022,317.47767697700135,0.2636295608220717,4.781404493805047,90
0.8384868504100158,438.101785951306,0.11868193176456569,1.8378085563830013,10
0.6155631603704022,492.2008999076546,0.2537507946310995,0.9143014373711394,10
1.6746012673886657,386.4539727936139,0.34192108516985187,3.195700642176717,70
0.7778313207178196,214.70572326199354,0.23777196327908745,3.3064195023061975,0
0.6337755684060234,216.4649311157644,0.11558697326628053,3.418271690534097,60
1.131122558000672,371.41532777855684,0.33588345981520995,1.7033091253589359,40
0.36775602745204905,127.00080142646814,0.16040913464079232,0.5679980789651377,70
1.6241742634326755,64.13231543438337,0.17758625046641163,4.842569162545123,0
0.24164622299156457,183.76485724398052,0.1494119060296888,1.6290187056099612,60
1.975085179540983,150.74710591050004,0.19906451946144926,3.5421182962364637,40
1.5672650616636492,155.19097902343515,0.3270254517065906,3.6798344144541932,30
0.4775597949149275,124.46779801445587,0.25581575785118127,3.245033376857686,60
0.11049202253484457,30.625662921817323,0.16146438224521378,1.908083273961417,90
1.6493767140641848,18.758228019372766,0.36334902344561226,1.719933141938296,10
1.4430289533104725,493.98397097065543,0.36387455648545886,3.189507272162164,0
1.485113619277876,219.60883553057255,0.36117352751380216,4.397430351252612,0
1.565413658703297,198.32005710824401,0.1716388634144618,4.76030178015528,0
0.2406848382947717,343.02716851960423,0.23537180325429646,0.9765761198169094,40
0.7810848842341179,116.94440505388144,0.3954968968422625,1.1967287566897393,90
0.3201512130977464,475.4809801356104,0.33160374289299716,4.751313164523858,60
1.7398965091636278,395.3090570636205,0.10815022636766795,3.8144085275065667,10
1.28426644097236,53.81139113300716,0.11956137737814762,4.473472211733979,90
0.7287062472200334,214.6145801346149,0.23917941304369986,1.4118468536090443,70
0.2207608655434449,440.7679707054607,0.37276606175846805,3.1441364199923085,30
0.6908664112597581,472.91869092279103,0.2616105393858143,3.6551281748786315,20
0.7178483118508193,239.02674051243616,0.24934375241028708,3.560503484511377,90
1.4862517388423218,310.57158071324676,0.1316421099869892,2.3366826089001416,70
1.3113591955749049,91.84663358511686,0.29703403141728824,0.5692770126108881,10
1.7857042108950205,495.6726268071185,0.3466309481800677,3.123167255619184,20
0.9972083578077036,123.51913367788727,0.21412600225226872,1.6389569263082393,20
0.32722906728277323,471.93856932621156,0.3326835552775983,2.5261441076430065,90
1.4551650957236906,328.3268580062605,0.3893429961702435,4.809114567877178,0
1.545491592372105,307.791029490641,0.16112993773830675,2.295658929390956,50
1.166426675382043,261.2173703980892,0.2569988893584224,4.27910722998992,10
1.5648376419136658,123.02820774170176,0.18614138742537267,1.3484327258716302,0
1.0382116330923423,96.49873568269905,0.33785632571015184,3.5260722411126295,10
1.0931923758257887,118.03824244438593,0.2732780097643473,4.8965312949752455,50
0.9123279348812442,101.35474845068471,0.29037472526509117,0.9585189539282155,30
0.14829634081378085,391.99639204770915,0.3393742478847682,0.537439740022364,50
0.3049937112872785,181.56137699169776,0.2187911417987365,2.4511225668467644,80
0.15971545280479507,38.34291151606422,0.37452702052211306,0.9168146737311524,90
1.3091797814011827,484.8602887689976,0.259908660173842,3.8677295735430413,90
0.6972763640450206,443.0550836320786,0.14738644685060442,4.615468987318515,70
1.0662843132129352,464.59861876565435,0.3087697354506408,2.453094377189415,0
1.8243763004595768,497.5048330967533,0.33797840513147637,1.6642023896994842,70
0.5736552353828623,95.20867211754877,0.19502850312025802,2.454814935529744,80
0.8797275537676964,204.1585892623028,0.3571537770996259,3.7555151803250046,50
1.5355471632317925,381.53685309500474,0.37184297642972997,0.5407437271116694,90
0.5347165144340826,351.0501028463582,0.1830713462133427,3.1525429526811375,40
0.2462618286747067,85.40899410652898,0.3950564418145667,3.259812581993206,50
0.6505277605361592,409.7582312454027,0.14221345841462754,3.36959711103171,50
0.4063204457826084,119.97588019996373,0.160604700520747,1.5890993599139476,80
1.8664255394508888,119.67063126308531,0.15526745177140786,3.7132372552015704,30
1.6354287211723921,273.1174672177726,0.3681969130023611,0.9112616884929938,10
1.3034671373698046,300.54056807243455,0.2962877656974886,1.3967165141006037,80
1.7557751213566637,294.24224184052747,0.14563128496668187,4.448615209945169,10
1.6269769461083174,54.82855032489989,0.23209702551050473,3.8242541782695487,90
0.4544831118834681,439.95582268888637,0.28458940752094064,0.5618549930510537,80
1.7958620971309578,140.14402086846596,0.125039225496815,1.617693171664101,10
1.1247502596397365,73.46231142857405,0.3647249105222017,1.4648291734692405,70
1.6341362948117188,445.4865591357988,0.3410810606324606,1.7186284761663766,80
1.8025734698546372,478.26923413257913,0.2515620320729915,1.6140189662594888,90
0.7042066024465413,432.4425324600708,0.3901379845777512,0.7813683308428059,80
0.30909865660258584,406.66287661519027,0.22532829378252994,2.5652323246856916,90
0.5330768088296892,331.0685705131206,0.39523309571094944,3.7973006365377433,80
0.911504798389887,279.9201115984783,0.3003759996410882,3.2302927612284638,10
1.6542280552527369,52.623512356590965,0.2904013819761825,3.527922508691359,30
1.7353881081870526,210.14207440464236,0.1497864685887355,0.8651713034130761,60
0.11320904800926235,192.61737333603384,0.3645783274913933,4.7817081957955425,10
1.0704198748973748,137.27935404255985,0.22824690637618456,4.273213252293612,0
0.89308090598268,364.4758557074066,0.1486700217347438,4.122906433230482,20
0.5220048398943875,252.9791101885977,0.10378225599272772,4.203427122687954,30
0.32774419793399734,49.71264579474749,0.26792670509151484,4.697197286597426,70
0.7414688256668931,117.88976895540756,0.25821988663680295,2.9491428475116397,50
1.8915284374337864,344.796794193202,0.3158060867107476,1.4012690804043166,10
0.7140855708394349,47.30412115024709,0.3670774159053407,3.2755262353364354,80
1.0857021813123955,427.0913878838967,0.12382197539290887,3.8429667215057255,10
1.435736021900838,252.6217982368474,0.31944894710210875,3.8206282700931142,40
0.7908962445206585,245.48742289005753,0.15622358322927468,2.8465206087509607,30
1.9463859571698252,300.27981448316365,0.35745311594714924,0.8080642370011013,60
1.9286498603900113,414.0936733033231,0.3457190541584969,2.170008222935575,70
0.5783863620681918,180.4265118720746,0.26223812649566336,4.643449738085108,40
1.0447721611955323,342.22791475394115,0.3130728395869935,3.130020093908417,90
0.6716687886518623,287.2086623579376,0.19430503395512455,2.92249374465071,40
0.6411969393171885,140.84385238301644,0.2413503696798444,1.709840814719871,10
0.17008519997361232,440.5286933140274,0.34649106931314155,2.158020139624605,70
1.258172234561804,400.73875058739475,0.2377795591519642,4.529057401189261,10
1.0550901441348368,332.6413989826285,0.20733947959763255,3.499083713870761,90
0.19780962737497976,426.78504725617853,0.24826373417508998,4.043241620385498,50
0.6294282820495617,434.97415847030317,0.3484747757311656,2.5445544038044483,70
1.825705183336642,357.097858590367,0.20056241421126184,3.3361124875527106,50
0.5551675922672475,420.1365308981993,0.15212847794072315,1.6177262393444338,30
0.3753002569733239,351.76101621794896,0.31360420609923423,3.674573736275688,30
1.0299602445273697,343.2689781625472,0.3477934638124246,2.4242060016650178,50
1.9727358628101412,313.11957532544034,0.13019124355706002,2.491454816666355,30
0.5599050158718508,378.8311533832442,0.17196223382678344,3.4219504605959674,70
1.3770575400711693,87.71650159360611,0.14259159692829818,4.71326279661017,80
1.5470772691245633,441.62667200747495,0.20438242347465002,0.7880285597387942,0
0.5515113335855594,437.20332859516367,0.23510529367162383,4.211344568061534,30
1.4836110623625332,24.33116868693398,0.324647901088992,1.815723996854869,30
0.798787952166581,414.6502077767337,0.29534427546450226,2.4976375452787,10
1.301381078127801,73.14623506198815,0.2862785702435294,0.5986099794875404,50
1.3037064504456999,174.20823858697952,0.20571248398289635,1.8547073502544087,20
1.1179718997420411,374.3190455828878,0.35243426592542804,2.761840591835587,60
0.2715505631033758,88.77234906367102,0.2413861502194494,0.7527923480634755,40
1.6870747416195522,410.80384181834046,0.3937314814045464,2.709930782224243,30
0.709482123446298,417.74574719929353,0.2902426414887211,4.671997829862923,40
0.454385169759723,258.6591895428097,0.13787942246935084,0.9742694814851235,70
0.17747276895405145,13.129077141248455,0.30285326862263023,3.9399832763397695,20
1.2226965920576596,150.64868525570725,0.1975312046295097,2.343519740191967,60
1.3873722875003367,312.29419000411366,0.3058981590058293,3.448281715359521,50
0.1315168749629267,490.7812272334375,0.12089234444872174,1.671064690933532,0
1.072976810768634,319.58862823816753,0.15246443115278782,1.2177151814361122,60
0.5303419728760821,137.30375472143828,0.35672117767173595,1.222081764220519,60
1.3258283017779549,320.66279451880956,0.1681538671070545,0.817213755394151,0
0.4312962151094837,274.5928360607692,0.35111233757288207,1.3354101720555935,80
1.4127817023946854,392.12424362406034,0.18378282653632316,3.488987232450357,50
0.834797157971021,62.42051302520962,0.2928645730176123,4.467607753295786,10
1.8797869785997956,382.9036722259937,0.3082451720529493,4.163565585160228,40
0.36128979387738713,275.220623551294,0.2537964259435159,3.5831043944351784,30
0.7480260669954911,481.86608189090737,0.19159320300901939,0.9969433853499621,60
0.3155996903571192,177.51736135895618,0.16379331291132887,1.8013435083317741,70
1.8569178747292694,319.98472763563456,0.10995680636872787,1.8941309389511103,0
1.766944771423864,466.69377169990855,0.19118392037221715,1.6248062587892955,40
0.5900890926587956,60.22976671543284,0.2959488371593849,2.817525468693754,20
1.3539696874649403,469.24195874586104,0.38149144553454484,2.9099921669585265,0
1.65272218038231,347.0640039273985,0.3613613446789157,2.105986888269996,20
1.1548815420389784,43.240158961534235,0.3298194329605908,2.092051214313962,50
1.1063360988764124,157.47214780393998,0.3365342029759897,4.228500190577366,60
0.5595193527108582,357.004323436188,0.2994954710427986,4.051817817438585,70
0.27689525883120847,43.00179471969813,0.17808605726980092,1.8850812425633554,30
1.804709940111321,295.2635254863739,0.372158509211749,4.612047997429666,20
1.810794308610328,179.4826979069488,0.30121969357175027,4.787667576511277,40
1.3028927688192091,314.24860370606376,0.268132189294132,1.9703414391351837,80
0.7441566029925313,32.4135965681313,0.13329684076404433,2.0949122695687468,50
0.7634981917640556,437.0530350146644,0.23411666314192767,2.7753536903988145,80
1.4793157898534548,487.0095948969245,0.2381074813605779,4.735043656401531,50
1.8045094939098965,484.75014908998884,0.359369082856801,4.4434374491404025,10
1.785464206103723,377.3293975540331,0.2639944660563366,0.9615558316261541,40
1.5817635371294854,73.74225766400966,0.2141201646911229,2.267288344721373,80
1.3198601276931468,381.5489660052211,0.3930400985531979,2.9901703538739732,70
0.2598659334905928,22.04758906481274,0.1332161779978947,2.76409612648193,60
0.40709455677976614,20.840540249208654,0.22676452849358342,1.3723838057160171,0
1.8072529582014505,168.56900738327522,0.1126074025514216,4.364675470256696,30
1.252215213353221,249.43516329828623,0.32197123623007917,3.546233523485768,60
0.11747439807159633,387.4996347258187,0.3754229656597452,4.270587686833116,60
0.292795931445461,344.8147345371875,0.18401119886514683,4.364439257072625,50
1.360653361305306,228.49232612460668,0.3575025030397363,3.867601341495829,70
0.10961700930781551,144.0770664780163,0.18766546913856935,2.4764477056237277,50
0.4055352976932475,498.59100507727845,0.37323104849317457,3.2474603975694105,90
1.1425941997965137,218.82883809562674,0.3261885710790352,1.2216443275388442,20
1.4146008756161172,231.179641921541,0.3414720330524316,3.5314043786370846,30
1.3387263930549411,90.1756723839179,0.10540196668013635,1.3066396508267633,20
0.5261116879750636,399.4566788874654,0.3888431071222078,3.622773157295706,0
1.453140520560318,349.9042906329294,0.318001297621097,1.533191723392859,90
0.5507732662439201,118.17711026649259,0.19142532861584,1.0289808506759899,40
0.7182594265026087,50.36671235176292,0.34881839945765414,1.2437802056433085,0
1.518333669724246,343.4446580166094,0.184456359524479,0.5089646084858162,0
1.334302508189708,330.71049499775626,0.36182615186983846,3.734328280340886,10
1.7135244799389382,143.89716822912257,0.13377411712358112,3.795804720762706,30
1.3494644953706525,475.92314550270106,0.3111057932382387,2.8172000746096675,50
1.179786346337396,84.01836697264112,0.2622095429934731,1.2261326047492267,70
0.2779820588733757,221.84405251087495,0.12896034105863224,0.8759945187981039,20
0.7986600258129236,472.37180088212347,0.17256814847765173,0.5860803489677915,0
0.6038844985952783,215.66638529379992,0.10372121088319444,1.2458667963434933,20
0.5635803224202588,322.8777143554019,0.24063038963935177,4.50884990742416,20
1.9487200540296465,204.8212550017692,0.1903795782280001,1.586915787657568,40
0.8468856768668447,144.36544915084832,0.2795072452893277,2.0942209724774705,30
1.7948884548365152,492.1490475003158,0.18917134231258517,0.9740546801659993,30
1.2991633893947996,210.57366309437108,0.18997573345209542,1.5006258713667662,80
1.610141476729132,448.10860980277585,0.32295795961948104,2.836510568510923,60
1.055010476899865,122.67775688663222,0.11444285079350604,3.2348870739304365,30
1.1961173807900825,114.42130497229081,0.3708684985575962,1.6040854137479497,20
1.0357836182558413,25.255700613410568,0.3556791623173545,0.7597947165130274,50
0.47096167681628454,329.31674443418365,0.300341404967922,2.259647911073294,20
1.4726590189968602,190.57790842464297,0.27796647103221533,1.5539151691685036,50
0.6334674886376259,433.5355424214222,0.3676907494418957,1.4879926545341087,80
0.1462003362197623,241.872854278863,0.15559905385861433,4.819382612210549,50
1.326397362223619,484.4147796782137,0.12369074865724859,3.2733521866657584,30
0.436510290873393,100.90750269452936,0.17185305097286147,3.0059529942744314,40
1.8868713102705372,435.6253522982493,0.33837348361005715,2.3709879658549484,50
1.912464296304916,390.53245786795344,0.110401080017945,2.4302495004356492,20
1.8382423414188522,387.75170387558546,0.27484205052504695,2.9340725172713635,70
0.8033015304853443,423.943781777275,0.39863125485739304,3.6339341316624827,30
0.12936757140484811,382.90175556206947,0.3567088281512618,3.6596574328182325,70
1.8638052689166782,316.84795759939357,0.25643370671307686,1.2726225846745232,90
0.9135498818028972,74.30999006436991,0.11909227278599271,2.7505073843448216,90
1.9366441561829721,25.93782795071344,0.349412054315713,2.3538114276534587,20
1.9308779564695804,461.21544542968655,0.2796935524531632,4.417371348212229,90
1.720717965387984,312.15865411516165,0.13447989911787006,3.3413851454826937,60
0.6594528949322127,400.3032725783264,0.12815718544700688,2.896268298871918,80
0.831685684343658,245.94595224114954,0.3728880458309778,1.0192758898051282,30
1.7171596758820282,67.48101259157329,0.30076007888142353,3.2253705019553514,70
0.7021518097969275,71.34103817924972,0.3487860397950267,1.0274175755610504,20
0.42203621870357577,345.926990742196,0.36369367008468023,2.017429590045884,60
1.1579223986708653,220.8498885007367,0.2715317056144967,1.1427888416644933,20
1.8786940709054838,108.25711608316499,0.2552339055265124,3.61433141160966,60
1.4224566136824488,250.88132790330408,0.22912822309629707,1.4281345122626867,90
1.1831162231697934,41.4623791668157,0.19508397633733582,2.263367179346117,90
0.2846353381644602,295.1659869380554,0.23037878825761354,4.530536499284504,50
1.2685137307284224,141.80676817319787,0.33216389671904695,1.4194237252953663,10
1.9811023151981002,400.8039593122222,0.28057702930453954,2.785122787814506,20
0.3661596289493957,162.07735987255114,0.36775698698645387,2.3867224752470992,50
1.0848263394910997,233.05787305008258,0.23301400431375635,0.5815581847057838,30
1.7670088366631154,15.694064554969312,0.2821268736156263,4.067411511077657,50
1.5074603737329884,45.49897501933385,0.28939226592759665,0.8107065784156988,0
1.4243299078910092,202.32184263927556,0.2775091486918977,2.6341475943962913,90
1.4347197595755077,245.1700290113905,0.31079013192565497,3.0230523272252747,0
0.7830331873175348,304.0100685784588,0.1712300405124419,3.327919054765642,20
0.6578245041025373,152.9146635675586,0.25370913326373723,3.5988423318854403,70
1.637786195409176,350.54112420200585,0.1312674408425043,1.6397257258522178,70
1.6392154498904434,431.45997462271026,0.2153533982934438,0.5449044949630222,30
1.747437405302197,392.1269845577414,0.24630012058637935,3.755496480597104,50
1.8351570498572956,29.413224420695002,0.2956672778636418,2.910454697064104,70
1.0715505578357818,245.44840415633618,0.38515931577586116,4.26252966443262,60
1.0528809599056792,61.41578742490569,0.2801953199645068,4.196247633053124,60
1.6167608400368727,128.60205777263846,0.32307817485296797,4.294967755045475,30
1.3349314684777538,493.46467070090176,0.25187981784856084,2.682925969907931,80
1.4337370667896363,79.82281602174149,0.2902312094128994,2.0013277812658954,90
1.612006071928592,254.45519519116448,0.12127966484013204,4.062011911661164,50
1.7910101494533759,312.89630981587834,0.17631747425255412,2.5308235086316473,20
0.742190798017918,354.2078355666109,0.20855592796154163,1.3254898838154552,40
0.8136076100158935,284.2278549085879,0.2417480065019541,4.347383088026635,40
0.27856568569765106,14.787715235399993,0.11369462365071513,4.471519445475563,40
1.1987322678927306,169.96604103955602,0.14200722926599532,2.5983939026307654,70
0.16829032021380996,263.67870525850856,0.18304429233739175,0.8406487728940436,80
0.9846362344516743,53.054584580968346,0.39145980727031526,2.2452174046261906,80
1.1310248059443957,181.80719629249856,0.19940410213091525,4.1159194675817155,50
0.6444283790437403,26.269523307769617,0.2446123174336248,4.557983128458029,50
1.2225831950811206,48.503463605960164,0.15882931382151788,1.4156273412391813,80
0.15795047488419392,204.49240533878208,0.2832340213227305,0.8013812541137219,30
0.1709615586235074,75.03071948109957,0.1842049646547923,4.4480770390977735,50
1.6629410652533507,288.0950156481635,0.16209777353152804,2.2523222254049386,30
0.7843622186813994,347.8378348772602,0.25497178853379376,2.937924339204035,0
0.3414149740385811,402.2874825634506,0.10165173974812625,4.856296154228415,60
1.0922621941041284,108.07361967995695,0.1022992097947676,0.7995412756140028,90
1.5629877508873606,92.06646530694418,0.16572064273055737,3.41743103353443,50
0.510059952244002,61.238241763856124,0.11101640875024635,0.8334744015869018,80
1.2834919040561006,321.85082227638196,0.13240772623920744,2.189610178099252,60
0.26216018348815917,356.1731059785816,0.2016581948016255,4.117165453370511,60
0.19819527022035463,25.4772109645646,0.3407757038739439,2.450625047400355,10
1.1095737999794812,468.744000659408,0.2716145930107903,4.987320592563277,80
1.1272067310592024,35.46592898922148,0.2538003177869249,3.0157667822597096,90
1.3111168128465924,275.23520429752455,0.1880466469624365,1.9452296868617907,80
1.479573534073057,357.43965453094904,0.37952611582984497,1.490500966571389,50
1.9541189509788157,436.7748706355819,0.21910451237115752,2.0773424042877284,20
1.080970661772271,359.90259674488965,0.12612783003873146,2.1763997319179786,0
0.7136172985883673,402.846760704198,0.2851199548353404,0.8092115497578244,30
1.610853770060537,176.33059434597496,0.13415151804298042,2.163083897420479,20
0.614581277397941,409.26430573579097,0.20356694284050764,2.589073338826512,0
0.9340456993407086,49.25627472849082,0.2522235816153427,3.752319885074621,20
0.24906712455030533,448.46016146965854,0.3622667574055528,3.455282681247236,30
0.14816641248936926,278.32026431533075,0.24806397410203562,3.689445448531194,70
1.9290319878880575,410.4759072816219,0.3106776298094993,0.5376365684458569,80
1.688362228973191,231.63595941396707,0.3978450516997212,1.4795032981124123,20
1.4223509915780261,325.3530706462972,0.1394467359693945,3.477579297799354,50
0.8770105943871127,267.9373038586955,0.18241945765585588,2.6779521568088622,90
0.42925920813460694,368.4788656601126,0.21837282267929395,0.5239106405075568,40
0.3972303810750635,49.99869119498889,0.22654845356164943,4.120225890943201,50
0.5754615065127311,39.572521155376265,0.22330632257966376,3.9776430798065183,30
1.1435306629416289,131.08058466497175,0.3722833007669665,2.967886233471032,90
1.4577322531301184,88.17689325546229,0.31420979334005694,0.7990849659932245,50
1.3543750157636893,437.1739476301788,0.28237156422721116,3.9493177228966307,60
0.6318744041972914,117.41485380544171,0.19281181535883463,3.1267111447911375,80
1.9142440332600688,488.17397535137434,0.34713711526638846,4.0188198972108164,90
1.5020041417219603,175.07893796784236,0.3865181534454968,3.882861465781282,60
1.1532726997716614,99.23777868746265,0.346359484765068,4.113509323810267,50
1.2622694178452694,396.95226849981475,0.10046953155744187,2.8310362988208118,0
0.8972401186128007,332.7668099954293,0.29092041105502214,1.1314603318708174,10
0.5706888800521992,254.1159010620381,0.11534061443263023,3.520208630208599,0
0.776348089437397,282.1281399594393,0.17728216610011657,3.2921320327338677,80
1.5399076098823012,362.40887135340927,0.11785741010433151,3.8401393423958923,90
0.12734762839653616,121.94282325233638,0.28113863588481636,1.2644645272283088,90
0.3205380169631409,498.2036188678035,0.30597697404778207,1.3773883995513014,80
0.18740501984133023,487.64864945192375,0.13434629141977156,4.506842827486978,60
0.17738472440604325,328.6595863099991,0.21515166491349386,3.8749000930343187,10
1.7253751096209138,107.77580095528111,0.23687095268666264,4.587028199151453,50
1.436949932822045,343.3118387913327,0.210715906528275,3.9142189452376432,30
1.000930275265918,45.377220399796165,0.13630750014555792,3.1871988769563586,0
0.2858849052369028,25.019726080844972,0.22568433705624263,3.4435973166254317,0
1.0340701627219815,136.2646153704947,0.3253534143425255,4.501075657730045,40
0.9995963644830748,236.685248802265,0.12130229935997665,3.104630395303732,10
0.4290835528290289,435.4535276501065,0.12405400422457105,3.3457609594777433,30
0.9243181335521488,366.3128441854909,0.2064313875507953,1.2041452220162026,0
0.8571589953550095,373.92619538799073,0.38251771348567754,2.6326454905224623,30
1.2701151862992113,218.49173387955693,0.3005717940168743,3.723787003811445,50
1.3066779366485233,179.50814634801182,0.30360098700176946,1.7192421424236444,90
0.1860776185668846,191.8089938624553,0.2085759972513595,1.410143812360407,30
0.8117639677902952,493.9482862306683,0.27809823736256156,1.91222063700987,0
1.289133839857049,29.653503792116418,0.10303935520832302,1.5867528259677506,60
1.0559588913021667,434.8454330999998,0.2908288139228627,1.4671068666637814,10
1.7273306982578123,293.55095020047276,0.37398608427287106,2.411828792906391,80
1.3515179000759956,224.92155540289932,0.2837720405034458,4.585273312475904,20
0.40957541145471643,365.3762536034169,0.3621095780399035,2.7817684103242324,70
0.2340806200608167,248.4677812981044,0.31719191663982815,1.3456417136689536,70
1.3205966285919997,437.9773866600137,0.1361675249211071,0.8463725122139334,20
0.15037149002908146,451.3439133655167,0.3707359921857526,3.6327026531206634,30
1.2129736044195802,216.64325416799315,0.11993315330673247,2.2225944399637454,10
1.8864374587074195,145.64562064517528,0.26019024176432914,4.198239259634117,30
1.1934009379641701,300.2516610107475,0.1426411371380373,3.4677984588834656,80
0.8375228597923916,457.0580393521786,0.10351198321927123,4.0830865274361585,10
1.3222476150404712,113.22447261277662,0.22661027803829173,1.7237571773830194,20
0.9706804919338815,315.2536259461066,0.18851221229624687,3.6156151510747616,30
1.1366718997002765,319.46450784533505,0.24580014813928094,1.6882789311217345,40
1.8887831366753978,369.2253809834877,0.2731599660203653,4.725808157526312,0
0.833595011821471,74.4681657123573,0.11312172169268421,3.3636842669001847,60
1.926262071265437,360.7542326942234,0.1369009885371237,1.9603031007890395,90
1.8201662197165211,455.42593512616406,0.2675927189351276,1.712803380315227,60
0.47200315609966326,98.04472334641856,0.20295020595179747,1.359169632822396,80
0.23178647166281435,126.39622921270005,0.31875204626483444,3.625884315021775,30
0.29147820261711066,485.9835960804034,0.2956874945775819,1.484220258490673,50
0.13462146873794448,98.67870682764999,0.35368130889697214,3.178864696673701,10
0.27944162543626394,428.6486957510938,0.3077478480007676,1.690857621164108,30
1.397712869491078,251.21614965953705,0.22897932321704445,3.4788602515724087,10
0.2352584320744351,131.14322645755675,0.3018899867183298,4.167228778432426,90
0.7060536975581464,436.6674516235306,0.1826143522766256,4.001113594150939,40
1.7052630908419637,228.1995749513061,0.19189404963346382,3.923830989188518,60
0.14421667789806913,262.2605034255482,0.336695547976238,1.3447508256151344,0
1.647490116918978,186.0243510058852,0.23392585492047469,0.8977322614303342,90
0.6355240720694598,300.5459172031144,0.3395141021555058,3.6452697281932354,90
0.32451317248114686,90.12669756666115,0.34672671210048356,2.157562462074581,60
1.4238006141918862,201.62995295936275,0.35726870129838517,2.445558018815063,90
1.2949914088817795,485.0120379442909,0.3749905707523622,0.6401709175702598,50
1.7671968257014006,136.4853820235525,0.22929556615398888,1.6680940217377214,50
1.496634983227383,331.8009656252332,0.19566004549634167,0.651543817435088,70
1.6266137677312122,169.3431314701005,0.2746596239782342,4.456335976705614,70
0.6358656878854823,389.0018315864343,0.2113517270312883,1.595285074483387,50
0.43713513318147335,74.12809375199141,0.28032225004006994,3.0080172630785365,20
1.5261680281176309,485.2123120884869,0.31167575879314746,0.6754069429750869,40
1.6329860046078017,232.35687527798322,0.3065215055476411,3.500813260875461,10
1.9819597698012792,125.66472703976734,0.21236586610603642,1.9536230558934224,40
0.8839735861317103,46.0134061917062,0.15005806050962586,4.540636341309496,80
0.806834363006288,93.18137349289496,0.22915880153866228,4.496531850203161,90
1.575184625409794,264.68923479244864,0.14277824322457264,1.963807782627865,0
0.7475267264807338,175.13155645133028,0.36702911055514253,4.5543240306071056,90
1.868438918646773,416.15284928247866,0.20376323822135725,4.982709530744505,40
1.7309842285017225,221.13488659428492,0.14633792416699715,4.214370488557766,50
0.9150886520125348,131.86999356793865,0.10763432797172527,4.30192106489853,60
1.526655028803845,312.4010434359747,0.2937467158859453,1.6205393124909047,80
1.5336314607608965,356.32083627386845,0.29107069523642304,3.0951607948599036,50
0.29593535078827193,91.85053487146543,0.20218124997438752,0.8026516128531553,40
1.8148505226911766,92.13341598127566,0.12151356665429532,0.9271307156975137,60
1.0599795076509286,27.968999197436055,0.22288866846856964,4.995016754149808,0
1.6702691856047092,370.83698738216384,0.1933652485190181,1.9698766224165993,40
0.7080942419581623,335.2642185346845,0.30313619192050284,3.8668276042198086,10
1.8014941341427808,242.5691291174088,0.28173377483580714,4.129992738620674,30
0.8394831895949099,423.64351999490657,0.20937811845926202,4.361104719532531,60
0.12059153781256689,404.7783749455261,0.16536776627649705,4.989327338309704,40
1.820225755196601,296.82363855440855,0.39641078984667766,1.5867341836559052,50
0.2734446858936538,435.45292745149675,0.23620048635883448,0.6815787208686487,10
0.7066959114217882,110.86219291801645,0.3064822707340712,2.350361830975637,20
1.9051177373965293,64.84061350488666,0.14216589027350823,1.0853630142302613,60
1.9061535791813566,142.17730964332492,0.24567690989781937,0.6009165012292481,10
1.1895319874342436,37.97255948376428,0.10826101596083965,2.1219207221366876,50
1.3004907031226187,270.2730687205057,0.251636535373135,4.026822129838564,40
0.9520464917588075,468.93678922453114,0.3892052221353107,3.047813110512819,90
0.6571004662263226,29.278334927569727,0.2152620138957401,1.9075009514465933,0
0.7244626362028402,69.83385786491313,0.11169880377247349,3.4445390247172387,90
1.3777850665463731,231.5775238588833,0.10928673727580307,1.5440818113896482,30
1.529511605931592,467.59875858867343,0.21639602798406088,0.5647165073243826,10
1.6040001830791122,164.91649143860775,0.1480074809389582,3.9395902389639232,30
1.6002744713096524,258.5450562573123,0.10700562889845577,3.306843881888041,0
0.2732915957925117,30.370700934692128,0.3268640841850531,3.93036181025432,10
1.0393985789349047,82.68816847142354,0.23755690266456722,0.6752210750944952,70
0.20936164403162413,493.44876024983495,0.18677343159179638,4.267038325237935,50
1.1441048764150976,482.9081612536623,0.37002495490494425,3.287867900163365,10
0.9389079526094163,12.42059065786071,0.1348416880601577,3.0352790782068806,50
1.7866379472407696,476.3877748573871,0.38677564868659586,3.310763216515392,90
0.7667385238489495,323.1687695295952,0.19419001521320586,4.389949610907639,80
0.32242733121245115,435.27996431481085,0.36652110169260443,3.141214279515082,60
0.37168419590038815,232.82252926059095,0.28088286294383846,3.114276709496807,80
1.5468702002631973,262.64205400383264,0.34801220792244625,4.958056206795947,40
1.274614320300896,249.5348243258909,0.3952039489631394,3.905285751808556,60
0.29213308463330145,336.76348619759113,0.18652163134562372,2.490322124530109,60
0.2598029316184951,78.42911483059332,0.388340645622278,3.6832865001481747,20
1.431841349772328,24.687059037612197,0.21684456847072614,2.251537122613048,60
0.2382497120919677,160.88567137968354,0.21565357142107672,1.5299395811757455,0
1.6615341126516767,355.2935737409569,0.20211613127635172,3.1858334459949176,80
1.4418602315973428,108.9081915402447,0.26242228220427555,4.676819441512782,90
0.25456268321960956,339.9818923292095,0.14624351295354615,4.681127840069582,50
0.2611916567618646,485.25690259256254,0.26611344560740335,2.0385737514747064,40
1.9746151991522334,56.01135073681501,0.2625114437230012,2.8745485979976273,60
0.8111145119366285,339.57503793031185,0.328570543781461,1.4523615435643755,40
0.8042200794270927,227.43760745923987,0.35009498858127575,4.980339992744976,90
1.644319177789255,435.38970464497766,0.23213240509372723,4.915030585405711,40
1.8997722970293316,96.8033968292191,0.19069997480544815,3.422790183683513,90
1.9734020212634547,349.38671659082064,0.17780046919512837,4.11986326854863,60
1.5314185519919892,420.67649192757403,0.15838715101146159,3.71795072577665,90
0.8148932125087399,472.8609675422714,0.11729427465970747,3.169211985677607,60
0.25865136172747066,344.79153386192644,0.202734393650414,0.7400659864500396,20
1.5765791402621299,253.6156343641294,0.181074307639235,2.5464395414869747,20
1.1609680744980295,312.7451476985948,0.38992521575992223,3.5365383597533473,90
0.9060218175692549,435.76344239457194,0.2673126478750132,3.548892262476581,20
1.8220733316799984,289.59877585302655,0.2041831117091523,2.179051782900726,50
0.31127521638168754,24.889659251450063,0.27414028029810883,4.737613939961138,50
1.0359876981526324,466.1648607984191,0.14175901040370867,1.2531066450655146,20
0.12157192505809623,347.86810800546493,0.2332131247606609,2.751617507970023,20
0.9904552197888399,341.4915590308508,0.28787029642631917,3.6089778944787025,70
0.20697622379549097,115.68082467488142,0.24666934953773545,3.6371111265131417,70
0.3257540409093367,332.85388041400205,0.2205336401962973,3.41887530545967,60
0.3232998688764993,202.99355877053765,0.39815451666990953,1.7387969605333709,90
1.3334995740205209,329.1041587503311,0.3640944286446781,1.2029295590897988,30
1.5174852706043043,62.230584850915456,0.2870217874478321,3.361731470720199,30
1.2084006536846033,332.34419925548764,0.27081320835468486,3.1968595226274696,20
1.9281278421016297,499.71272562762664,0.28619814394737525,1.3071020463015843,40
0.8122541010950377,33.62389904167245,0.16039363234673,3.673126155067535,20
0.6428529639355354,488.81535026844546,0.2185413229792956,2.5482739628014537,70
1.7503383435599746,209.3849007542066,0.1118378598672698,3.504922662214188,60
0.52483209318696,436.66919066525696,0.24266381124604802,4.268151858965679,20
1.9301228249371616,393.36888718855397,0.262907375187299,1.2637779285961543,80
0.12309350191065105,287.83796788346723,0.1683249208309629,0.586151905985765,40
1.9427697707445142,371.84011253315,0.3892086541496542,4.005961638781041,80
0.1820038327060946,440.47262503766046,0.37283638328117263,3.2436384131867717,60
1.793171916026335,208.02875760900616,0.3166429706367718,3.6483780632995475,60
1.1026321072639698,170.24624916598697,0.26001598862960884,4.271697387448891,50
1.9866331126266705,337.1207589261565,0.3609907478943055,4.112649206710252,10
0.24021347299725784,405.8445115512167,0.13919570314703889,4.824140661179711,80
1.1523231403625096,383.5197160405417,0.3371529382824655,2.911707854834532,50
1.9416748176762881,400.9286879407309,0.1374462441900545,2.698230346969574,70
1.0938859039232827,223.43582425833716,0.3382631987648217,2.3084923995082853,0
1.2958574124569988,410.7387659257606,0.1827302704754071,1.1916096927989204,40
1.4219225090707726,68.90243713159813,0.3631271743054567,3.076732547969101,0
0.963628023058769,276.7996580008163,0.38321262814761936,1.7465563594669045,90
1.2923603521597207,12.82174364407957,0.1446387908215347,4.645883804958389,70
1.2101971926538906,169.04705665113244,0.2388026815196181,3.124358619246939,70
1.812200219932879,189.56615208698497,0.3942962134488056,3.167780812286496,0
0.18634812264876996,204.12461888853514,0.24502223079194402,2.0971609739465453,80
0.6338300602252376,350.7789312780325,0.3590642567543636,0.7339520838996837,10
1.9057818197454617,200.3934696224694,0.276619456639396,0.6428469441784488,80
1.791501189392741,229.85987508504002,0.21259897237588057,2.405008148689389,0
0.9657478302928545,126.39662412842046,0.18573506665776107,0.8805442014375704,90
1.2782519358229198,192.89337789837663,0.16096692732582618,3.230811299930626,80
0.627024247664152,121.36211735894422,0.3285394574133092,4.464378525378459,30
0.4574302034751465,45.86600264653738,0.21596215204690838,4.47311667433425,80
0.981026969385966,305.68981075687515,0.25338263866022537,3.4657043455950456,60
0.7713692332495004,337.42427129195795,0.2476976440003546,1.4505432416281896,50
1.208946612516657,313.5502695447111,0.2731837087699394,4.383485741114924,40
0.2476958102334712,237.11208146228046,0.3596731436873657,4.487420458909437,80
1.9513501345657163,196.09503228782262,0.39422180307502885,1.384941132288314,10
1.9738004145112455,433.0334882901944,0.2222752625721451,3.8184173859680475,10
1.4265072566375159,264.35007471674686,0.34825567663189094,1.7893379701720533,80
1.1185830960538288,244.79912003856816,0.3293583383964154,4.111881405588184,20
0.6881024709440227,22.564612245153487,0.272058685436672,4.987570549566212,70
1.6462105374432026,177.21143553681662,0.38681414308358,0.6351170239822677,80
1.4009892278523706,196.29585320506996,0.16014235465852084,4.538146396059194,70
0.4089721847552935,205.42316263948123,0.13277926309288643,3.301837401193961,30
1.8307616505383006,294.2844609213928,0.35618859008662673,4.8802217862416954,0
1.6628207615540211,271.46524789617047,0.23174494499012452,2.592542828868924,30
1.9046198352546557,307.87349546878784,0.3540906562621182,4.313245687571182,80
1.478867065937884,384.79279815564286,0.36792706155862454,0.7807733086922475,10
1.2654888722780007,408.3630119708858,0.11873727808572143,2.008755725352331,20
0.8946617689521758,361.88030735098226,0.3650394288958183,0.8015744198804449,90
1.872184118372625,478.206611017918,0.2344957166108267,4.889044100655817,70
1.745521390050776,18.9339655114172,0.2531297467012697,4.1763825827232655,50
0.18591547320175988,105.93121298493759,0.2879777533279631,4.336463395606867,70
0.15009725154477882,13.705808739289639,0.37791478201902606,4.720843541452524,60
0.8152803970682941,327.26260993575545,0.10573482832892922,0.8829656875390341,40
1.6400513284854825,450.0349689854936,0.24305304049534515,2.23518916631,80
1.9758246456983946,129.30632532238664,0.3063166127291682,0.8196570006980095,30
0.3857920930967036,464.24692695019024,0.3168120873094686,1.4485689569751288,50
1.2288483591690569,39.531021241884815,0.3077597294611324,1.5321459966695257,10
0.8236926275989408,467.873653134702,0.14033053882243657,2.610982449714104,10
1.942837355847746,182.29511674742085,0.1898186765115044,1.7085297535413917,10
1.7000259539578466,59.696205940116094,0.20761465762510406,0.9544014806799249,90
1.692824538951162,248.07716200129957,0.3413311623038515,1.2537099009234847,60
0.9905170036104435,135.82051818304888,0.1836279617243659,1.1627400359844091,10
0.8881570544415638,149.5877219613422,0.16321148916016098,4.8788455906053425,10
0.6194734366683418,160.57208281388043,0.38723440571142886,3.9168162811331313,80
0.2071134436367615,403.4826899380051,0.10265898553404068,4.854926593713029,60
1.7429725148846011,274.1890255708747,0.39934625670459356,2.4788321892855887,20
1.6445119173471474,162.5407725864418,0.30304638965721875,1.7526581674819548,20
1.9994635792436481,309.06355382235,0.34854078983473513,4.09231938744134,60
1.9936099904404203,360.91383036936486,0.18838581890385797,1.9681426311851604,40
1.1553202406449923,143.58576035943153,0.104294583300118,1.8472251816740672,90
1.56107608884297,212.63905974742224,0.32136085556845906,1.5462769649352404,50
1.8950548867766133,69.7241857351043,0.35024337910020276,1.083555402009059,70
1.7143300422870817,98.76318127199336,0.3221428395860558,1.6540837745754469,80
0.5699613933120755,343.74774844284156,0.14285508619025158,2.0989388681324948,0
0.9560338570891777,98.9047903708572,0.3260283766770907,3.532973936655787,20
0.3454028887878404,267.33005799685947,0.33067683463229236,0.7815417899875321,60
1.9126969517915726,357.432668243992,0.2975621547010165,1.4472812284940433,50
1.2517318054566722,62.36969231642448,0.32983477983867593,4.140606381312544,60
0.5344213304565791,287.9829876181627,0.35377643190331964,1.1611486561269684,70
1.3762313003711277,135.71576401366826,0.28408123427123755,2.041903159351347,50
1.2744436568700022,481.83416886641413,0.12658141419090374,4.39096514836163,20
0.7805091642623969,246.93736689276312,0.2462883429001633,1.197163900145492,10
0.3157594251792951,404.93634938982746,0.12329480040148152,0.8723157602818545,60
1.3759890716263192,279.61100565656824,0.22226290930972928,2.6804209778600487,0
1.0885846317172072,31.27214109886139,0.22213194673768832,1.8608878007534138,20
1.5674049442977147,320.24417404107095,0.11980295324207249,3.0353376401773433,30
1.0883106521127874,476.18763768126195,0.2046461601908438,4.117122007175638,0
1.7191448506052263,304.7897918717023,0.13329942963739447,1.1171681966873441,40
1.1486229936715227,411.4025411191272,0.3424705630027667,3.113145880494282,90
1.165782145917234,443.26116704071984,0.38430640778934133,2.7747894217543876,20
1.7656418450508555,121.75908825497692,0.12169494257738159,1.1483545370593982,10
0.8666174458035543,113.90197155503105,0.3865345621875105,3.307993184880421,20
0.3546289340562174,309.38068453698594,0.25677297980102354,1.7313818803734724,70
0.15468708499534406,211.4039502052853,0.1898697033861622,2.6952544334480564,50
1.5347607857798762,421.53203840469297,0.12305862258284907,0.8702254592467784,60
1.2785881475715828,451.0113304650255,0.25018728042112537,2.5681282574613036,50
1.4377515593885248,183.17647585833188,0.33835466334722464,1.8790856061926915,50
0.5046319068669304,126.06657389749621,0.3121259431800095,4.200715450334094,20
0.35910580361486255,392.4575024694923,0.11506780343919214,0.7564042714881573,70
0.12763486476897568,144.6549574185867,0.12187055061037107,2.383732737132485,60
0.7661163617325342,413.08101607170244,0.22086198478979116,2.5629414085914712,60
1.220843605023803,217.63174428789378,0.188587148214383,3.7625273433460342,50
0.8452636856894914,337.0994506528205,0.16971529691681436,3.0842940879059495,40
0.9312023518450852,56.812303778987406,0.18430134967261408,3.5024555173738148,90
1.817901519538122,315.6910690915208,0.34104482298906547,3.9967217854329027,70
0.7616853873442706,231.36616258124226,0.37876841608955625,4.379913381461849,40
1.0765800294036405,297.4381469559823,0.22153080835826994,1.9124397352511173,80
1.588940724208172,92.32696179498308,0.3718333006397492,2.9211021741375633,80
0.8534312864104132,371.06813502264924,0.19644871037436462,4.2804863529764,0
1.2819647304329598,432.77056799618197,0.24293109590313752,4.952530089342754,50
1.738491046618816,116.20250204448007,0.16780869934479992,4.502836899696934,60
1.90408918494952,56.90013220487925,0.2921428126527532,2.171602681809696,20
0.3794396137651721,21.582907162704835,0.39369433455244274,1.378249327483927,60
1.8605164878068394,324.56603521720035,0.28104792881301366,2.7022664183296494,60
1.0350209568511226,307.4760776835026,0.20734422523406468,3.83738653326219,10
0.5906643377680209,277.8817322298943,0.29434523379715855,2.7165608183898393,60
0.9723579368526964,123.65407709682795,0.13687620353961627,2.6743138849115082,0
1.9620618930424063,201.5439379937022,0.36659772407961966,4.272036894868103,40
1.0359743785864521,301.2934042412248,0.2509251852339509,2.1263170058023384,80
0.7246280595462655,253.415760840993,0.23480492261189265,4.369076036652405,60
1.303461623201779,494.01490490529477,0.2757594365360558,2.330621604282756,60
0.5562766756785669,76.85547875279923,0.2874351588368208,1.9770489755525273,10
0.24414032340646144,350.62083148332096,0.12153274186795392,2.5429546003986454,70
0.3448714716302335,208.11619637110314,0.30478516636702074,3.931011314036908,20
0.34328709401976765,219.81781131355123,0.1725795040946589,1.0670091253879743,70
0.3886151176733592,361.62290517250636,0.314185789751977,1.3838864714240782,20
0.3637716280338793,349.29371414894115,0.34676043831525905,4.7815017154839135,90
1.3176620151261078,495.71543691407226,0.34118755226575614,1.2897123232161083,60
0.4455721603583752,72.91320183252137,0.26575029022236674,3.0547729306897455,10
0.75676783831534,61.0137281982415,0.2560509676932254,3.1069150999787203,30
1.8038979788214224,364.92602039308315,0.14286278840182354,2.7033100792261013,50
1.0005271164994574,293.40958933314045,0.3326038451209407,3.4013536185956834,80
1.3683597031899517,144.33872661430487,0.18142281413401434,1.534220266089283,40
0.4274077552830967,48.91549080460344,0.249008626845384,2.986980204995367,80
0.4653491357364744,51.972542302250964,0.18528222787825505,2.174779648611037,40
0.17765037090630986,448.153528585418,0.14014850889990796,3.4775026683313506,90
0.42097661983711265,104.01498911218403,0.288867309067521,1.1355059451791725,70
0.6293216441607213,168.45206543660518,0.11629961044687115,3.068948375777643,0
0.436319920125819,121.06163709122413,0.32459357023786006,1.3337165992249567,60
0.26853481413840563,183.94818985764928,0.19527603857833503,1.7538937840176638,30
0.32920815509114154,44.01768294558575,0.10004040790134561,1.4841941014561244,40
0.9754796592621789,264.3392975450525,0.253338741771169,1.322770009409677,50
0.49203406497100577,43.1301561601853,0.11405557255828094,4.215699282023001,40
0.7921127359913434,402.17468883295714,0.18285086734626987,1.7856840544740065,0
1.056492814624228,124.51892013611219,0.3120929462367149,4.672057018390022,80
1.411750174395794,274.6058381562102,0.11880688648655977,4.864669364053359,10
0.17469306569808798,441.23875290511455,0.3518015477068007,3.0706721147169382,80
1.618879757927181,328.9299108331251,0.10114597679757494,1.1435050519957688,90
1.2930107400327249,271.1493154101543,0.1740471607605707,2.1854670952081157,10
0.25534216070285665,168.92353902653406,0.32227121684562143,4.089795185066963,80
1.7597993858028766,173.170937398517,0.19488104491879205,2.153258279136817,50
1.849657561010445,338.04860804711313,0.13056771641980408,0.8915774823625493,80
0.21604812372424112,497.12828699837206,0.2080701756401284,3.005532099176846,50
0.6260675314796871,334.30120302619554,0.18111798591535766,4.303043831732157,50
1.6317824316068166,283.3138745113122,0.35281357064816654,4.0816687421457605,10
1.521693411728951,368.0187500172306,0.19400437527554296,1.2880541305865896,70
0.4505899367771169,237.95075001902188,0.3366797415328022,3.5274407648561,20
0.49776371433974953,39.46974787438475,0.3675616434432205,1.492269185460412,60
0.8038969953036257,285.5254397801758,0.23014522587295888,1.481933905484775,40
1.0205936718629405,479.2363894076363,0.37298294315631764,4.433322979873333,20
1.2746840659075624,95.89844175525323,0.21319541618895788,1.6235102873310356,0
0.8009359151825676,348.1023965021262,0.3892235249470325,1.6846130593310504,70
0.9788159606529809,108.45750744293767,0.1267868573576719,0.502940258425848,20
1.5201947824541375,272.5555653918098,0.3061057799509729,4.41801065356483,10
0.169698085492136,57.37146032689262,0.24814421213707863,4.066676659441106,0
0.5796301942536394,230.6817587665107,0.21629464163669415,3.322980207908051,30
1.4553642131806497,380.5200311586706,0.28981356362458033,3.8761959377247903,70
1.8008929916056788,180.31004687710123,0.3111571274902994,1.1842185534102132,20
1.0721871400197656,335.80674499873686,0.10130898089509273,2.5624561756440896,0
1.1110156220040999,399.7704807869673,0.15008592662415962,2.080487243069514,30
0.3036268215455745,464.3171315449318,0.31391381519029565,0.9219943681565742,80
0.9500834969645637,124.97462010917224,0.29991562407346195,2.6875871834671585,0
1.111972806264544,205.664798746561,0.38981425153860316,4.643328426541859,10
0.5606939569059863,84.68384653190454,0.32831133707523497,0.6802660357281252,80
0.6115621388038238,496.31691605760386,0.3852318123194015,1.8115741107220724,10
0.816839909898783,464.2304742829047,0.3107621504604421,1.4339342129256656,20
0.1381352757776801,274.5789938374742,0.18941566259183296,1.5716599414956334,60
0.7119504146080387,422.59631424444643,0.13160947667525696,4.587955483457189,20
0.5017512132934349,265.26940886330067,0.33454715900348075,2.6063107440543054,80
0.7222449691380378,315.5569871213523,0.2932447664427748,2.5983473582291845,50
0.3275480504565773,53.670971736848145,0.11445580371798887,3.9225903910487703,20
1.7920018334058003,380.0825060434359,0.2080151397702935,1.195214918022166,80
1.2278256617526926,72.57960698126507,0.3870399446452859,2.6926940934502284,0
1.3902944063745302,414.7731388237389,0.25012034371306036,2.434933463544769,90
1.5994253533539429,393.1937629584891,0.22981874080591141,3.1860981074599524,20
1.0470401779652088,357.28490189405846,0.23730988154778823,4.998009664626974,0
0.26514854736610505,27.718586457133437,0.16266481720154913,3.962520023369212,10
1.1205024294552408,158.532894413211,0.21061215125943858,2.2903956635784226,70
1.2149981242396704,138.925159256313,0.210943976796153,4.2239887352332115,60
1.516335000950227,186.46683966104436,0.11570650605624172,1.2681876349061607,10
0.9201531378363907,52.944945914280886,0.33027028855537555,0.6370865883903205,10
0.34240257531157114,469.10933328522077,0.2249513295711637,1.4200176760892287,80
0.6391742210175765,281.36309794906435,0.34665396604492704,2.031852002514168,50
0.7898563631574066,159.70691222243153,0.3551044003359687,2.7976134085680195,40
1.3272427585300424,204.52094336639888,0.16359821640959743,3.268081132435399,90
1.1844787788709326,229.12924484736948,0.2972060446510386,4.597725727464898,50
0.7765837792059078,304.29122334670245,0.24168454124889455,2.7943430429770597,80
1.9743789727066614,262.68291957128395,0.3640470213764456,2.755740400815782,60
1.2509721567780856,460.5020668750645,0.16472220375293625,0.7260935442034195,90
0.5507309042983894,253.51210662385682,0.3033439600930133,0.6571019869530071,90
0.2933866979787671,496.1574272634232,0.2823256366758168,2.9802198286236745,80
0.3904323644502309,427.1982292950969,0.18859044327154983,2.47180375961755,30
0.5673196839305654,112.17015203509455,0.1409802710953518,4.276311777411344,10
0.40529460919315574,465.991655175519,0.29549192814318304,1.2230581312033033,70
0.454477345697481,67.01953496388329,0.32157923743969924,0.6123724795267231,30
0.6416808205183094,410.55035716068386,0.19468820312900503,2.5206744556855663,80
0.42940983106003416,196.50541380352425,0.2934497812066942,1.5686535053851587,30
1.8038543067902078,440.2074170180841,0.218539272283451,0.7232646800247685,70
0.2524441167571202,435.3477781526507,0.31396206498478535,3.76069229081433,80
1.096571640183484,404.90344605763437,0.15976458246821595,1.0021684998076137,80
0.8797539712803568,397.1149137904601,0.3670645007908524,3.2374377500349727,90
1.966519372126352,159.29277815804,0.18622287893967393,1.764723875751001,30
0.31287391411929943,49.65044869511357,0.2103357963268459,1.280732226597599,0
0.855925638186909,207.46028759492913,0.11742758562410494,2.2088818531369285,20
1.9419938232232008,95.02701234338925,0.13345366369638292,4.106505993003291,80
1.7444635391985626,350.52603356220624,0.25475857081369846,2.264421096070577,30
1.6524369348036319,179.5888660035149,0.18027780301839147,3.8784634214497506,40
0.5900153713853856,488.0489984213583,0.3506440677226583,1.064688335596178,60
0.424686416041125,324.0763178992127,0.10440801659648616,3.977471388492856,40
1.3704221178564189,413.01547618083686,0.21372821460158087,1.566199962079919,30
1.865814379342413,74.93708964350573,0.2012036640307278,3.5482690844999274,10
1.1578494967264665,432.38709631358506,0.10579828927528032,3.0460169967844837,10
1.1860641099928098,462.1510233515632,0.13731051970015307,4.6811512274525935,30
0.6319602779545399,248.6603402212786,0.2240928024755906,2.2429513308889133,90
1.5620365730646801,307.06393949797894,0.24785937533423402,0.797743349754982,90
0.45538312225929445,384.75680244246774,0.22128692417646076,0.5861996849806381,80
0.7149905491680629,95.67092735760215,0.2592813035236282,4.220863524377389,70
0.9083292333711919,256.2573774670868,0.2785395024717045,2.8613103694764446,20
1.0644597195004646,205.34488360843343,0.1029771463383507,3.988598233257272,80
0.5605784915886525,81.72325615950207,0.2392285478360512,1.554915200051816,40
0.3181899670044867,190.09186692285041,0.3890497722662766,2.0528768548095515,20
1.2601780806391019,43.40443159889185,0.2557096840388646,0.6354674249509352,40
0.648398051156486,22.647834405248624,0.303262680237686,4.826715460583505,90
1.2043526207029633,76.23148168586316,0.19355915737506496,3.5054055801536603,30
0.3932891590209844,481.9264046786952,0.33219741344582876,4.699422894916878,70
1.0141661935241533,279.2694725885583,0.3318764445628346,1.6947338334308255,40
1.1119199218480131,483.2528589650778,0.2563888142962417,3.251586250515474,90
0.1984647199626111,221.92396038176466,0.3928041469837641,3.55324985731687,70
0.7395481285684491,162.78990521177718,0.13766506442879603,1.928973651159148,80
0.35538788618405104,258.0095127917196,0.10508429946687431,4.316491557570336,30
0.2204124438982587,225.36072743012596,0.3310474635271288,4.762226583051115,60
1.980924441540896,61.77569528825452,0.3421466612094648,4.481848029632019,10
0.7124723054519736,324.00489419820104,0.13606216873617288,3.8258013917271763,50
1.6387614471238063,115.85870942970381,0.17967484988758184,1.748591058762293,70
0.5838172440511513,313.5980978999365,0.10526570900998868,1.7672721894753427,60
1.3948551722254656,328.5985352750952,0.18799258323416942,4.83512144200717,60
1.5444329337904044,84.49217803303758,0.3319425621756015,0.5462802317106141,70
1.2317136071549042,40.0613172842274,0.2553881583137737,3.72222487958965,60
0.9959947582453008,392.5731771735355,0.20442867795048644,3.6781077314986796,40
0.8824977368798101,235.30220764696688,0.21152178847189912,3.3021029342740884,60
0.762849706431691,38.50025979768314,0.10040608771464045,4.955489807390896,90
1.866105374070869,497.4844954131859,0.18994015826957078,1.9034574609367636,20
1.6781768747966854,38.312474888219654,0.29393762249137917,2.0298733870696166,40
1.933551130266374,350.56726214069107,0.3922583331449072,0.8552273132595,60
0.336164724622535,492.0026733790727,0.3541182480951699,2.4925916144468188,80
1.4886482028869241,127.19825106580355,0.10707848939365874,1.6747183680568165,10
1.882846867959972,79.70219065672613,0.36956818140245185,2.045240159799399,30
0.44434282571475425,69.47862031699016,0.33495952398958784,4.255573056150324,60
0.22634290799687723,158.6048223081218,0.33411283707129413,4.709680310873731,0
1.5081292336511123,59.51244739521688,0.23739872770107148,1.3357988240233354,10
1.1914989150418327,349.1590574301246,0.21940158788635086,2.1762901919905966,80
1.6994746758407169,40.52298108373072,0.1908747186499578,4.6788375295192735,90
0.36556751558995004,259.6168427933969,0.11970845768630975,0.7781380731015018,60
1.6110078925337914,498.3814583879586,0.16847060904810973,0.9156223765012033,90
0.48309190809071456,408.8454320579492,0.1739810904934074,1.232559451428032,60
0.4109462914448385,311.4575247331953,0.2452231209130605,3.178457753570936,50
0.4121050160688866,160.06427418543973,0.3242333219790082,1.1771252195269886,20
1.647691968439626,315.70895978290287,0.242142948519384,4.8563437165283005,90
1.3638747193227803,268.2503173167093,0.1173533348341482,2.5102153726633416,20
1.0938243070613267,218.78085810628204,0.38733694029646126,2.7568308215757487,10
0.7817779198346547,74.04808460269774,0.38281729572823375,1.6099637711243293,50
1.7666810275449056,444.4360654678287,0.3355568629445226,2.6193211359563007,30
0.8456457041030072,230.39447792244803,0.3973983704692662,3.478611346866552,40
1.6515389349959966,105.36503079217488,0.2633446998400789,3.8802971162931925,20
0.9343563262834149,190.20208192987192,0.38883050507596184,3.8924063721946087,50
0.8161944159073243,212.92357873917425,0.12268151218502524,3.1005100071233973,20
0.9790915927722522,415.4935688277684,0.20970422447841142,4.569618987472357,70
0.6726179609118699,369.471046475087,0.16761438040202975,4.178335312877492,80
1.5204578223348773,386.95939788425653,0.15874992524028103,3.906716516143814,30
1.0551687411757105,15.405319570037134,0.14224088466780282,0.7502248475620727,80
0.5412041207789529,213.91545910808313,0.286724092469799,0.5309508299884219,60
1.8091916892216802,245.85863430130857,0.33439655672419155,1.4560127473796283,20
0.8293933206091016,19.404215643297775,0.27348951982610825,3.4858561726105353,60
1.1327504361165783,137.30847228506678,0.1440888128764629,2.350388699971456,0
1.8222970108326393,382.54201332984616,0.3433371309800413,2.310828166846903,20
1.286052192236585,77.18375580720954,0.2907864121491186,4.480640997033262,50
0.3221062773458917,272.3019644117699,0.2164497118380987,4.530032816593274,30
1.8856810348656028,115.44891728844638,0.30223908866081894,4.591288688241136,60
1.292645300835694,15.939179575507705,0.17797149377284988,1.9124513443176228,20
0.7363206678484636,128.18871422377532,0.20355766254826319,3.609751157326678,0
0.3646169380604358,488.17813990592634,0.37524575293959717,1.7223493157346634,80
1.6086478596135623,402.7531848226649,0.18715135170142613,1.357744248835024,50
1.2781382362641758,480.1925557173064,0.240996480447381,1.3308460580631616,70
1.113576074755011,249.0484815239176,0.3670423412188044,2.039484293886173,20
1.7983959077968195,63.77073735197672,0.31231640508025826,2.4348092890091975,70
1.5983347013266085,278.50014959710956,0.11866096784941083,4.239271269747808,10
0.3881822714922273,232.64489393438083,0.1441909132836911,1.0395099206272045,30
0.6922719288115415,423.7349705424118,0.10235247723157505,3.807166313277024,20
0.5721293656474848,58.06046458427985,0.28927653706874906,2.8915471138518742,90
1.5134979558880863,249.23815714067132,0.23430202762312552,1.7957540420419662,0
0.16371162599798084,83.52384570005229,0.14028245527068267,2.7176881303977107,60
1.1827904012555015,169.0912041761294,0.3873802363170312,1.8497393139966019,90
1.548671502907312,371.30496792002185,0.258897917183686,3.182368798572377,10
1.765854709847324,243.2488833906956,0.17256798823386676,2.452297652848599,30
0.7499553225602241,194.18525972142697,0.2501810713464123,1.2398248808549543,80
1.6603888788768244,203.2933764993173,0.3038860998205324,1.0246238355006352,50
0.31020030021489375,235.12891651893347,0.12287176539206936,2.9601305693245856,70
1.7082593542955846,394.65810648015787,0.18241114451436763,4.560858649787465,10
0.34222845843076655,447.12149758071484,0.3420896472651981,2.047809589509585,60
0.8548458520646978,478.11399638692484,0.2378994611207984,3.7985004825018045,50
1.614861194981152,395.5826592650946,0.2639731426096885,3.4639760972289513,80
0.3848431119626702,164.54937891652622,0.2298448006628408,4.691997114392665,60
0.5355776509420188,347.1860059824057,0.11316998279290154,4.194414577846134,0
1.472279879946826,224.42553078714204,0.1497249339460468,3.0497236650745836,70
1.4680694194375412,134.7886048025651,0.2336624916225673,3.4566372420534828,90
1.318180502482065,422.02707391870206,0.16275563962237838,4.542739099628157,20
1.41850204448749,28.82891099153925,0.11499370859790363,2.2978345306412065,10
1.1311764423604327,451.8633761463575,0.35309489921554715,1.970576176359998,20
0.5784182119232102,236.12395766611974,0.39435775874923484,0.5486498763583836,50
0.7568223876574469,322.2287236360574,0.33794286219902187,4.219479833861589,20
0.4450356619227087,333.0834218808335,0.3561354765114001,4.104413151815142,90
1.8260560665338939,448.6076929462028,0.17259313909511365,0.9700453314506812,40
1.2084444100556289,321.96814426193157,0.3881880926539599,3.095858215097151,50
0.8616176918509157,310.8274565324303,0.15907771133602852,2.5879176417509933,70
0.977811026923852,42.65949987473808,0.3854289431085497,1.0341909297910017,60
1.8998383452624492,264.01993075315,0.3984457881897854,4.912557021773256,70
0.3913676659205524,83.58281040035041,0.31351684172381467,1.4661314935850995,20
1.2138366808319148,371.3425466735279,0.39434311953754664,0.8025538104075252,30
1.0611884898804853,260.9887411982105,0.27086193387013113,3.176813207758593,50
1.261763047325831,343.31161181209313,0.1778625349528271,3.824900047098647,60
0.13440934925959697,30.41972129516829,0.2310987656996863,0.6459955072123413,80
1.757035426993888,51.54808786244358,0.2780682806136358,3.4642293742716,0
1.8710247367188635,360.9984601507143,0.1219244686081045,2.895313441781545,70
1.173753048819497,45.321324639349946,0.28670297938517386,0.9646925399377179,70
1.4236365653660954,44.91579660497671,0.3943533510286884,1.2763574462586293,50
1.8527488242368617,15.93315286509485,0.1570322949351183,3.0558843379223624,30
1.4437534051954575,478.68568516674526,0.337778534886515,1.8336092608097978,20
0.3898241815370965,371.3790961349134,0.3723696381338859,4.722420778930922,20
1.194947884316945,183.09319016601142,0.38311047784606633,4.184331032678228,50
1.2527585881274261,155.30243483095106,0.38804068132163416,4.926052429311484,70
0.9058482754745334,181.35458257546628,0.2564378916164416,1.6685187752768629,60
1.4992440476869735,389.5802302787791,0.3931923723974512,4.863756347590897,0
1.8752973280611283,334.07159942450306,0.3271930621403317,2.4405524140620103,50
1.858580174522875,100.7458282550593,0.14850143087108858,2.0638345789118957,60
0.9565948056678509,95.31357431370132,0.24307003194039103,0.7265728713620896,60
0.315152287097435,58.213868359564685,0.3154993526116012,0.7374436603682117,80
1.9711982780284356,333.5483326536557,0.174202094745725,3.614050651759946,90
1.693906364247275,384.5426044886506,0.29218455506466623,2.5606804749531253,40
0.336859094286207,139.87274987925198,0.2999801437139858,1.5193473171624756,0
1.8495995769730074,20.26303090514728,0.14880992314256977,3.262866378463547,10
1.7528030879180438,50.2641170634494,0.2695255937358269,1.6378615321255003,30
1.085792308539537,484.25141707406493,0.3314880732935823,3.0993428945499018,40
1.2234233279153657,154.76794096393593,0.2496686993607826,2.1164393614221066,80
0.8581051373532474,386.91934244068545,0.10363093503283223,4.205985019753186,0
0.20404711376185952,316.0851487385892,0.10271154072378766,4.193132723450507,20
0.7368747591272117,197.150423429919,0.20710880319100367,2.648076791550806,40
1.6254215523362217,110.786758475822,0.37785822052953466,2.0786859920075704,20
0.10880084370874543,69.47934489810915,0.16860303388108266,2.1315190845159253,30
0.7336484262131739,311.35635433904463,0.29030910666150617,4.125715365506981,20
0.8565205178227923,389.5705525125161,0.16662276120799618,1.976807672589254,30
1.1210516455820536,325.51308423515405,0.1965009968978646,1.440767181680807,0
1.847725671184245,269.8480452920876,0.3544126268804453,0.8810975384388807,70
0.7580573892953263,30.556099481501768,0.3186584326809841,2.600119043979838,30
0.7592110836028325,484.5595010212481,0.1286197831939632,2.6695944451392886,60
1.501252371408522,401.3699539107416,0.2286106062959301,4.284089196813082,10
0.9592140876906335,153.48279798347272,0.10875092909357935,1.495574134007288,10
0.5267491635859657,490.1854613858368,0.24426704398090274,2.2144607315077995,50
0.9596350806521174,304.9219789217978,0.2987302035103204,4.13782582502161,10
0.3676283387216197,295.3871025215508,0.13555078707944548,4.206306248370381,50
0.4351352743618243,376.5558579204707,0.1866654816727497,2.2307498419044567,10
1.0468987682050115,407.7671961641674,0.2193509876506471,2.566058104790064,30
0.895958354058641,331.6745175924363,0.37585930739681495,1.8647865088217732,60
1.8382072120293902,72.766915719438,0.39797650462688927,4.696496952886904,70
0.7885484083216029,175.75107793730422,0.11347338969868476,1.0338969458371114,20
1.2031178655282826,464.7609837597644,0.32830237704861764,4.701872403506615,80
1.3013021470471078,120.06164980348744,0.211517219920703,3.5773990332590446,10
0.12487946751783391,192.36184168038153,0.21773745586884402,2.8920746870902905,70
1.3607210068317501,221.71767264265603,0.3262794920041069,0.6469657735302314,70
0.43826833705252766,225.30844495028157,0.3755279296436227,2.6401828631990374,30
1.9260336031919647,310.3403954223175,0.3852785783507646,2.3348664725122954,0
0.3824591827309146,472.10716049490674,0.27313677581149626,1.2254846538880515,0
0.887785835081345,127.93942879792743,0.20713634779015086,3.453843215752956,10
0.26216436934942333,69.53567438744986,0.3362647257576338,4.870179083157286,80
1.9940610785073,106.76054003136929,0.1753004149786901,3.029849649790363,10
1.054170519629361,444.5932011025421,0.26922220865005536,3.7163897439977562,10
1.2312315329080832,326.44729820105096,0.20757353845746196,0.8080270365470755,50
0.22744530703801222,150.09432672718847,0.29698932211236284,2.3795014811764763,60
1.5249248937584379,409.81400009462243,0.1721196738680521,1.0236131832402315,60
0.4988206268816129,432.07129821808365,0.15747788372044774,3.257581259914297,80
1.806303149937356,424.79202595823625,0.3754717260026311,4.7231697119636955,50
0.4897653169158136,460.2740014833817,0.1305411048848611,3.4779997961223734,70
0.4623066692609664,133.59809988494717,0.25178737232047954,0.8456137174148969,50
0.16944436891138026,379.97054508567635,0.1662558348889027,2.095997922432873,10
0.9969271957089985,235.66435366432862,0.11167898899770023,2.9779852074838318,0
1.1731981531989712,422.57929091613016,0.11080564548742793,2.314434902599635,40
0.2248464149138695,366.9604318091905,0.15256653163174821,4.2513980471382755,80
1.5735024717205202,390.45924878486505,0.36003110635180013,4.166019521194952,70
0.9612487860212524,331.519300463725,0.184743623193108,3.2532395904644966,30
1.096341511722402,96.94009704015636,0.38513775117258875,2.180560753097174,40
0.9374492191826335,277.0631902594998,0.2744866878967581,1.6490136819345986,40
0.8614498156631193,492.48817236700904,0.23098425693062985,0.9764344319590819,50
1.163316629485614,469.32015258358825,0.2740266504008364,2.097039575689493,20
0.39495646726835376,31.15513054053572,0.2550095155678803,2.359276327434738,40
0.4456634479410151,90.75925970742419,0.3276328761271976,3.541203162968331,10
1.737392679925683,74.54709899273533,0.1847488197918557,3.4617192093390807,90
1.8976193780539021,365.7301558927948,0.20591511748009073,0.8154866283856563,0
0.8092877009315306,410.71481162990307,0.3682282907599753,2.27866691944021,0
0.6144148789727522,114.62056949222924,0.38393695394512173,1.3180049024781286,90
1.32359913215413,257.8678195463962,0.3677674682459424,1.2056571739256257,60
0.8765949250863831,421.944483725488,0.22583439818719409,4.222859673817607,10
0.14823407575465525,369.0727569354628,0.33410965090206457,0.6886184752231589,30
0.39668993499576166,275.69623069100567,0.24290071999032967,2.3863229415595457,40
1.4603472348100552,299.2703683247987,0.2492619556438307,1.2569164509493318,60
1.3519554896292876,259.0966679889772,0.1614040327171852,4.4569859705531325,10
0.15148238575661863,155.79874114622208,0.27733909097755494,3.0066823097376583,50
0.5217471076726039,286.8607765009179,0.15584076932600438,1.541212863695816,0
0.5390421135173357,347.55379800454443,0.19946940972015814,2.760922792248694,60
1.376596212837584,437.9282287717958,0.35650906048598063,3.791688618664021,80
0.1374500217332919,321.7827634498316,0.16212274276325658,4.811531040137452,40
0.29780630577069034,382.9495531511474,0.12134748555202986,1.4920070191043853,40
1.61984056220906,88.43510112774077,0.1207022777838449,4.487817974582053,30
0.4392348579032339,236.16316246569704,0.3822353561509324,4.704368513753706,20
1.340217604918562,14.572493715275716,0.25207613138855045,4.623892450394298,80
0.5525472839887804,130.87264361559528,0.22282362154510554,3.359364605878594,40
0.2889386462427558,365.9662404053724,0.34326357430237553,3.3341929449561847,70
0.5620271628989627,495.9868761611881,0.35074777837315485,2.3144478493272027,80
1.4723071705257524,58.597268797735794,0.1996573099346814,3.8857904703670454,40
1.725823289401943,206.73221477203126,0.3080854172421386,2.890823082579194,90
1.677417742677284,402.0347746625882,0.331336844755566,3.5484713205273253,80
0.8546487062750641,109.97746096816043,0.2963952060597864,2.4280605673195796,10
1.3693617594842278,281.99162515812026,0.14547852244002982,3.7917340881941257,80
0.4894701612900598,369.20493505454067,0.36276492505511715,4.210121829220471,30
0.6569806874959252,311.83287062748775,0.2617283658208026,1.1589631547126724,50
1.8030380551901275,102.13211996155391,0.18474172791100113,4.248183720084026,50
0.12470365467039847,184.1384386560123,0.2275684556313082,2.9313343930563827,50
0.26246620862348935,394.05797439784465,0.11127132711967222,4.30099659090601,10
0.4949838847774519,281.57099192468814,0.13836004036672528,2.4408576785345657,60
0.15041118736025746,12.562510636027241,0.3296640251547583,2.2056821842236576,50
0.4447273266706149,382.88547241376597,0.10000349042660985,4.617773296327501,0
1.2077789658424152,27.302563920717144,0.22496974854468768,1.6302617039678058,10
0.900706646125746,375.4095535383037,0.2567530543256765,4.298955463787644,60
1.7960762510462522,109.21547448096634,0.1163903260002917,2.6780925762923187,0
1.6531427673030377,479.4560052584963,0.39192344889169994,2.813429491480669,0
0.7494529682259643,190.29096813802138,0.1678375993749016,1.8881072667026781,0
0.5929045235194557,170.19649200565877,0.19125961589088428,3.0786899027855705,70
0.8214155755178071,82.9551446628979,0.19118275367650822,1.9634503832429508,30
1.2215603907781347,159.7460655902053,0.16912499863520497,0.6767123640874354,30
0.6093209175634648,439.5588732958183,0.10044214662589343,1.7239937240496022,10
1.2858829249133548,498.2038254373512,0.31880343822639895,0.528705695329658,0
0.8778821391633568,190.4716699483557,0.39005364993978564,4.902596541755855,90
1.1488896436187626,229.81920916772586,0.16728804498551353,4.845862444188864,80
0.9286404053571017,363.81475971934117,0.2989141575410268,2.2781988386253724,60
0.6594849431296436,444.2359324278865,0.3225688980876146,3.777668844528407,30
1.9020612832280976,300.5917237515242,0.35452761372715746,2.0561274428469125,50
1.5508510089035457,201.84759210713636,0.22678875910408275,3.5199192068868923,10
0.36621503395625987,212.18470201582562,0.1908792716921288,4.124435193706906,60
1.7500891542060344,350.8528917834354,0.19758854020690936,4.760403101115084,10
1.0261192766740759,11.576949166096554,0.3137863999295539,2.300955241323524,90
1.7996492310987737,313.59877535532195,0.34503383995169085,4.024840923302214,70
1.619724986299899,184.1915751162651,0.1544841903269808,1.6966780278445346,70
0.9079056584915435,399.1566923257713,0.2112823024473296,4.956495367071417,0
0.14269168580822306,55.56541351333476,0.37058205902474506,0.6159631944395801,70
0.6104869828313975,298.21911080471136,0.3420080559084218,3.2158796292550442,10
1.1291050078556473,245.67671604420065,0.39545752082874275,3.467776917430972,50
1.30360861766968,324.73950769356145,0.32627447790462427,3.59620500683358,0
0.5899866023230843,41.77826129665449,0.2179585603083767,1.0417441045509006,40
0.36477654073836585,294.1920558397843,0.27719135019839136,4.723384025629087,60
1.6863674499186683,285.12744810016665,0.2983042762741961,1.3153247557253727,90
1.9703641433367491,284.72344626392373,0.12353674489513719,3.302390314579285,0
1.098811346375103,305.70895663226287,0.26334908773115956,1.5020423560538823,10
0.4261906431117767,341.4692892409175,0.3127962485417829,1.882473876595719,60
0.617383920386801,404.44460984357715,0.15019639120031814,2.9590634377765594,50
0.1349422854401868,142.21215286282504,0.33418951522766716,2.377370383540594,20
1.837167732464948,414.27421098823044,0.27513183415423353,1.2210152043942784,90
0.3237270574912682,254.1452843090923,0.38566653570927845,1.2692138108938174,10
1.1953813034770817,47.75855677582227,0.11272668946206751,2.3816515467325985,90
0.6207049193056914,38.689955329549804,0.1795978412666401,3.9077734022397532,30
1.1529382047800074,173.7767761610698,0.28046616378994726,4.5408409108150485,20
1.337698737868542,394.5995187846191,0.18896797366177923,0.8785744801672228,60
1.676509427043683,356.7636580230487,0.3143272492213727,2.2689675840173047,70
0.4922004163451461,396.42133268947913,0.32770158475657934,0.9511050367529448,10
0.12089207445111291,263.4618376563886,0.13075478921994235,0.5746661628466905,90
0.3600826971307338,225.6975089981904,0.25415633926203035,3.477734071897805,60
1.8100354195113997,82.25173808607913,0.2526671666773168,3.211022488849645,70
1.760391147368779,170.81444926856267,0.21078423106466235,1.233586012166988,50
1.235084894123586,222.6694894251989,0.37987745877090173,1.5521577489187885,50
1.2409820348239415,53.414210543012445,0.3482518959619664,0.6066848914003327,90
1.3635696816378855,118.09985682849351,0.3091628145728911,4.257262425624816,0
0.4332054293845542,303.130394091232,0.3142979907204993,4.886107682218482,30
1.8373826972574236,370.47492597720304,0.23851484314393576,1.1095679155761087,0
0.8956639972949388,499.1902805825453,0.3762983563289728,1.5416384619438415,30
0.8279632036740451,467.2255323583433,0.30837862817598566,4.407842857761203,10
1.0859436400373914,324.85694777224387,0.318694318496745,4.669087090802832,40
0.18923533687260458,216.41154611409527,0.3585072711362036,2.3883232226306466,90
0.41593840063655085,321.72690870703406,0.18222147680265732,0.7278011252108336,80
1.502263871210104,394.96929285931367,0.3421212711600109,0.6772632516176873,90
0.2573174690577403,67.98473355245979,0.15857218088694763,3.082774397310547,20
1.2459890079861375,210.85339595118123,0.20360258567346637,2.2680279900193057,70
0.5661633083945098,421.50311996145246,0.20068313628095283,0.6289359240994453,20
0.8396616666797554,198.07814644719156,0.39355764051674225,3.1246357654065053,50
0.6485180998643297,290.2174129013214,0.3569611671243781,0.5508614146506011,30
0.7757781612834033,298.00698682247713,0.31035095847707794,4.043173811671728,70
1.4661872198500665,100.39336403548329,0.3181170284846171,1.8789477021651722,50
0.6645312596840325,187.4953664096213,0.26862183832077136,0.6811610135415445,70
1.1761688165641047,173.91053148354675,0.38412720013255575,3.14758499442419,0
1.0044957641782895,22.83638718071175,0.2488776258647085,2.289579864948746,50
1.3609752141890314,21.85396430676407,0.21415531296096837,4.882101860107173,0
1.8799765047170403,417.531551401129,0.14891060107947732,2.94889398126666,0
1.4918869846994756,143.80469688667807,0.3358616956783175,1.7385763146665374,70
0.5083867193224378,263.85859545701953,0.3203331796226775,3.6924748908528864,60
0.15924795661644087,156.3755310584988,0.21530651155724048,1.721714011442201,20
0.5983016841696677,470.93283010651686,0.10755802418776882,4.569094811334043,50
1.2306480683304841,137.05541184422913,0.3516991983154033,2.1862488672831937,80
0.19770904562007566,220.53183824207818,0.1034253950362221,2.9744085324929235,60
1.0430958696823491,437.6378227374549,0.31110993388871533,0.7275789672090298,20
1.2340014129420895,422.54744772798625,0.3910771329178172,2.4175455707850384,50
0.7350633925522255,101.18969474467589,0.23129839844446107,4.245635928474478,30
1.5647331871170618,403.2952217998981,0.17049202149878584,4.125419624135039,20
0.3025366809541664,234.5115745015674,0.31146130301301456,1.5094335148408682,80
0.24276178529803666,246.65474732182406,0.3451384426046756,1.517355819547532,90
1.4835586367868463,75.40518648381246,0.26392909482335425,4.177873904959565,10
1.041433500791777,49.49474174099108,0.39011058257684395,4.686792890761965,0
1.4079645532126985,366.69026041714494,0.11550061649738834,0.929124145728516,10
0.9261719433471177,253.26596465409688,0.25143867949135845,2.5252638774180136,60
0.5681638631543029,224.05684428143798,0.3155361841967651,2.0185442553390303,90
1.6562944035809795,367.4590320396744,0.3587921413447537,4.418098049558477,0
1.6188901700410605,385.1013205056438,0.15377668357233704,0.8758621160600845,50
1.4199232946234108,87.86500215798324,0.34000104452910446,1.4500667415111683,60
0.617075760736929,309.01032324404423,0.26581212271556365,3.8861075191392245,80
1.2214382670512656,76.3235003160659,0.21896610459698898,0.7308223204154701,70
0.7858504041860509,378.1737921542324,0.13951450857372807,2.716409213214302,50
0.2740059393206049,331.90802657089836,0.3595887276726738,2.4894816560587403,20
1.8428957933782613,478.7411643308944,0.14718196245391463,2.004805305449369,70
0.35995539874602667,43.789428014646376,0.19293635776272977,2.275575418935157,60
1.9054509722595245,37.956813364114616,0.18701365958873106,2.8847326411860483,20
0.9474109686201159,148.27166659966807,0.36142421025725635,1.226153112747724,80
